line,item,qty,spec,supplier,unit_cost_usd,make_buy,notes
1,Rider ring (two halves with ears and tang),1,"12 mm mild steel round bar, two half rings on a 112 mm mean diameter (100 mm inside), 2 mm gap at each joint; four ears 6 x 25 x 42 mm flat bar with 8.5 mm holes; tang 6 x 28 x 84 mm flat bar on the fixed half with 10.5, 6.5 and 2.1 mm holes; welded, then hot-dip galvanised (line 18)",Local steel stockist,3.00,Make,"About 0.40 m of bar and 0.25 m of 6 x 30 flat bar. Mass about 0.58 kg"
2,Hinge bolt,1,"M8 x 30 stainless hex bolt, nyloc nut, two washers",Hardware store,1.20,Buy,Permanent hinge between the two ring halves
3,Gate pin,1,"8 x 30 mm stainless clevis pin with an R-clip and a 300 mm lanyard of 3 mm cord tied through the R-clip and the ear",Hardware store,2.50,Buy,The only part removed to open the ring; the lanyard keeps it from being lost
4,Pole head,1,"38 x 3 mm steel tube 120 mm long; 38 mm disc of 6 mm plate welded across one end; two fork cheeks 6 x 30 x 69 mm flat bar welded under the disc 8 mm apart, 2.1 mm shear pin hole; 6.5 mm lock pin hole through the tube; hot-dip galvanised (line 18)",Local steel stockist,3.50,Make,Mass about 0.56 kg
5,Shear pins,12,"2.0 mm soft aluminium wire (1050 or 1100 alloy, O temper), cut 30 mm long; one fitted, eleven spare; all pins from one reel, which is calibrated before use",Electrical or welding supplier,0.25,Make,"1 m of wire makes 30 pins (USD 3 a metre). Rated 300 N in double shear (calculated), to be confirmed on CalRig"
6,Pole sections,3,"6063-T6 aluminium tube 32 x 2 mm, 1,450 mm long, ends deburred; 6.5 mm cross holes for the lock pins and 4.9 mm holes for the rivets as drawn",Aluminium stockist,8.00,Make,"One 6 m length (about USD 33) makes three sections with 1.65 m over. Mass 0.74 kg each"
7,Joint sleeves,2,"Aluminium tube 38 mm outside, 32.4 mm inside (for example 38 x 2.8 mm), 200 mm long; slide fit on the pole",Aluminium stockist,2.00,Make,"If only 38 x 3 mm tube is found, open the bore to a slide fit with a flap wheel or emery cloth on a stick"
8,Pop rivets,4,"4.8 mm stainless steel blind rivets, grip range 4 to 6 mm",Hardware store,0.25,Buy,Two per sleeve on opposite sides; fix each sleeve to the section below it
9,Lock pins,4,"6 x 50 mm stainless clevis pins with R-clips and short lanyards",Hardware store,1.25,Buy,"Two pole joints, the pole head, and the jigging weight"
10,Grip cap,1,"Rubber end cap for 32 mm tube, 30 mm deep",Hardware store,1.00,Buy,Stops water entering the pole and gives a grip
11,Tether cord,1,"6 mm braided polyester cord, 10 m, about 600 kg breaking strength; ends heat-sealed",Fishing or marine supplier,5.00,Buy,Tied to the ring tang with a bowline; the free end is tied to a thwart while working
12,Float winder,1,"40 mm closed-cell polyethylene foam, 300 x 120 mm with a 30 x 60 mm notch at each end; painted orange",Packaging or net float supplier,2.50,Make,"Floats the ring and cord if dropped (1.26 kg of lift). Mass about 0.04 kg"
13,Spare pin tube,1,"Polyethylene vial 14 mm across, 80 mm long, with cap; tied to the winder",Pharmacy or hardware store,0.80,Buy,Holds the eleven spare shear pins dry
14,Jigging weight,1,"50 mm mild steel round bar 60 mm long; two fork cheeks 6 x 30 x 66 mm flat bar welded to one end face 8 mm apart, 6.5 mm pin hole; hot-dip galvanised (line 18)",Local steel stockist,4.00,Make,"Mass about 1.1 kg with its pin. Pinned to the tang with a lock pin (line 9) in place of the pole for snags beyond pole reach"
15,Gunwale crutch frame,1,"4 mm steel plate: saddle bent to a U, 100 mm long, 70 mm inside, 70 mm legs; two cheeks 60 x 70 mm welded on the web 84 mm apart with 13 mm axle holes; M10 nut welded over a 11 mm hole in the inboard leg; hot-dip galvanised (line 18)",Local steel stockist,3.50,Make,Mass about 0.94 kg with the nut
16,Crutch roller and axle,1,"HDPE rod 60 mm diameter cut 80 mm long, bored 13 mm; M12 x 110 galvanised bolt with nyloc nut; two 24 mm washers 2 mm thick between roller and cheeks",Plastics stockist and hardware store,6.00,Make,Roller turns freely on the bolt; mass about 0.34 kg
17,Crutch clamp screw,1,"M10 galvanised threaded rod 100 mm, 30 mm pad disc of 5 mm plate welded on one end, 8 mm bar T-handle 70 mm welded on the other",Hardware store,2.50,Make,Clamps gunwales 30 to 60 mm thick
18,Hot-dip galvanising,1,"Ring, pole head, jigging weight, crutch frame and clamp pad; about 2.8 kg of steel at a galvaniser's minimum-lot share",Galvaniser,12.00,Buy,Can be shared across a batch; zinc-rich paint is the fallback where no galvaniser is near
19,Marking paint,1,"Orange enamel, 100 ml: float winder, pole top 300 mm, and the rating mark on the pole head",Hardware store,2.00,Buy,Makes a dropped part easy to see and shows the pin rating
20,Workshop consumables,1,"Welding rods, cutting and flap discs, drill bits 2.1, 4.9, 6.5, 8.5, 11 and 13 mm",Hardware store,6.00,Buy,Share of consumables for one kit
21,Hook head,1,"6 x 28 mm mild steel flat bar 60 mm long with 10.5 and 2.1 mm holes (as the tang); 10 mm mild steel round bar about 0.22 m, bent into a J with a 30 mm bend radius (50 mm clear throat), welded 10 mm up the flat; hot-dip galvanised with the other steel parts (line 18)",Local steel stockist,3.00,Make,"SMR-DDR-003. Price basis: about 0.22 m of 10 mm bar and 60 mm of 6 x 30 flat bar from the same offcuts as line 1 (USD 1.00), its share of galvanising for 0.2 kg more steel (USD 1.00) and rods and discs (USD 1.00). Mass about 0.21 kg. Pins into the pole head's fork with a calibrated shear pin from line 5"
